computeID,SigmaID,Sigma#,DisAxis U,DisAxis V,DisAxis W,DisAngle,Rvec 1,Rvec 2,Rvec 3,BP N1,BP N2,BP N3,planeID,BPFZ A N1,BPFZ A N2,BPFZ A N3,BPFZ B N1,BPFZ B N2,BPFZ B N3,BPFZ Stereo X,BPFZ Stereo Y,A11,A12,A13,A21,A22,A23,A31,A32,A33,B11,B12,B13,B21,B22,B23,B31,B32,B33,numStructsMinimized,minEnergyStructID,minGBenergy,minEnergyStructFname
S253g_fcc_N36_n87_109_Al_M99_200714,253g,253,11,5,5,48.5431866,0.3793103,0.1724138,0.1724138,36,-87,109,S253g_fcc_n36_-87_109,36,109,-87,-91,-12,111,0.1445161,0.2344951,-3,-5,-3,806,-219,-441,36,-87,109,-3,-3,-5,591,419,-606,91,-111,12,6464,5399,507,struct_S253g_fcc_N36_n87_109_Al_M99_200714.5399.out
S559q_fcc_Nn17_77_153_Al_M99_200714,559q,559,11,9,4,52.4092035,0.3666667,0.3,0.1333333,-17,77,153,S559q_fcc_n-17_77_153,69,-29,155,17,-77,-153,0.2668524,-0.5637018,-32,-17,5,2986,-4811,2753,-17,77,153,-23,-28,5,4195,-3910,-2599,69,-29,155,21914,4045,364,struct_S559q_fcc_Nn17_77_153_Al_M99_200714.4045.out
S85c_fcc_Nn3_99_115_Al_M99_200714,85c,85,5,5,1,45.572996,0.2941176,0.2941176,0.0588235,-3,99,115,S85c_fcc_n-3_99_115,99,-3,115,-29,-63,-135,0.4684668,0.698064,31,-13,12,2683,3601,-3030,-3,99,115,32,-9,-13,838,5139,-1495,63,29,135,4234,1631,455,struct_S85c_fcc_Nn3_99_115_Al_M99_200714.1631.out
S29a_fcc_N29_n34_31_Al_M99_210713,29a,29,1,0,0,43.602819,0.4,0,0,29,-34,31,S29a_fcc_n29_-34_31,29,-31,34,-29,-1,-46,0.51664,0.19374,2,9,8,-551,-170,329,29,-34,31,2,1,12,-551,-350,121,29,-46,-1,1154,1136,495,struct_S29a_fcc_N29_n34_31_Al_M99_210713.1136.out
S137a_fcc_Nn49_41_161_Al_M99_200714,137a,137,3,3,1,21.4625484,0.1304348,0.1304348,0.0434783,-49,41,161,S137a_fcc_n-49_41_161,41,-49,161,5,7,-173,0.1523362,0.8098612,-15,-14,-1,2213,-2464,1301,-49,41,161,-14,-15,-1,2600,-2429,35,-7,-5,173,5658,15,474,struct_S137a_fcc_Nn49_41_161_Al_M99_200714.15.out
S279a_fcc_Nn179_5_53_Al_M99_200714,279a,279,5,1,1,17.8965511,0.1515152,0.030303,0.030303,-179,5,53,S279a_fcc_n-179_5_53,175,23,-61,-179,5,53,0.6884011,0.3497081,-1,-4,-3,197,-590,721,-179,5,53,-1,-3,-4,275,-761,502,-175,-23,61,10971,2118,443,struct_S279a_fcc_Nn179_5_53_Al_M99_200714.2118.out
S165h_fcc_Nn23_91_65_Al_M99_200714,165h,165,9,7,1,52.9127632,0.3913043,0.3043478,0.0434783,-23,91,65,S165h_fcc_n-23_91_65,25,23,109,23,-91,-65,-0.0178287,-0.6709807,13,4,-1,-117,274,-425,-23,91,65,11,7,-4,-285,433,-26,25,23,109,9952,7069,451,struct_S165h_fcc_Nn23_91_65_Al_M99_200714.7069.out
S47b_fcc_Nn123_67_107_Al_M99_201228,47b,47,3,2,0,43.6637379,0.3333333,0.2222222,0,-123,67,107,S47b_fcc_n-123_67_107,-63,-23,163,123,-67,-107,-0.20261,0.234053,-11,-17,-2,1685,-1423,2828,-123,67,107,-13,-14,-7,2443,-2560,583,-63,-23,163,7789,5560,477,struct_S47b_fcc_Nn123_67_107_Al_M99_201228.5560.out
S69b_fcc_N28_n13_40_Al_M99_200714,69b,69,3,2,2,41.094788,0.2727273,0.1818182,0.1818182,28,-13,40,S69b_fcc_n28_-13_40,28,40,-13,-44,-19,16,0.3996231,0.2164903,-1,4,2,-62,-32,33,28,-13,40,-1,2,4,-34,-65,24,44,-16,19,4814,4221,491,struct_S69b_fcc_N28_n13_40_Al_M99_200714.4221.out
S201e_fcc_Nn43_n33_79_Al_M99_210630,201e,201,4,4,3,37.2483058,0.2105263,0.2105263,0.1578947,-43,-33,79,S201e_fcc_n-43_-33_79,11,-209,197,43,33,-79,-0.0876086,0.7724297,2,-5,-1,428,115,281,-43,-33,79,7,-10,-11,1423,500,451,11,-209,197,5065,4487,538,struct_S201e_fcc_Nn43_n33_79_Al_M99_210630.4487.out
S73b_fcc_Nn188_n177_66_Al_M99_210716,73b,73,1,1,0,13.4427387,0.0833333,0.0833333,0,-188,-177,66,S73b_fcc_n-188_-177_66,188,177,66,-177,-188,-66,0.1266792,0,6,-6,1,3,8,30,-188,-177,66,6,-6,-1,8,3,30,-177,-188,66,1114,120,465,struct_S73b_fcc_Nn188_n177_66_Al_M99_210716.120.out
S229j_fcc_Nn137_n125_177_Al_M99_210712,229j,229,6,6,5,54.8009187,0.3157895,0.3157895,0.2631579,-137,-125,177,S229j_fcc_n-137_-125_177,43,-235,93,137,125,-177,-0.1925349,0.6149482,-6,-9,-11,424,-367,69,-137,-125,177,-9,-6,-11,449,-52,-339,43,-235,93,6845,3015,474,struct_S229j_fcc_Nn137_n125_177_Al_M99_210712.3015.out
S99c_fcc_N35_25_41_Al_M99_210721,99c,99,4,3,2,45.002923,0.3076923,0.2307692,0.1538462,35,25,41,S99c_fcc_n35_25_41,139,43,103,-35,-25,-41,0.1425574,-0.1302002,-8,3,5,2,-503,305,35,25,41,-5,-3,8,653,-1627,-202,139,43,103,4058,4133,458,struct_S99c_fcc_N35_25_41_Al_M99_210721.4133.out
S99c_fcc_Nn20_47_19_Al_M99_200714,99c,99,4,3,2,45.002923,0.3076923,0.2307692,0.1538462,-20,47,19,S99c_fcc_n-20_47_19,-15,21,48,20,-47,-19,-0.3539991,-0.60844,-8,-3,-1,5,-86,218,-20,47,19,-7,-5,0,40,-56,37,-5,7,16,5922,4959,519,struct_S99c_fcc_Nn20_47_19_Al_M99_200714.4959.out
S245d_fcc_Nn157_n26_20_Al_M99_200714,245d,245,6,3,2,36.8698976,0.2857143,0.1428571,0.0952381,-157,-26,20,S245d_fcc_n-157_-26_20,140,70,-35,-157,-26,20,0,0.2605358,2,-9,4,76,668,1465,-157,-26,20,4,-9,-2,13,-4,44,-4,-2,1,5937,3255,554,struct_S245d_fcc_Nn157_n26_20_Al_M99_200714.3255.out
S197c_fcc_Nn11_n46_18_Al_M99_200714,197c,197,7,3,1,31.7607144,0.2592593,0.1111111,0.037037,-11,-46,18,S197c_fcc_n-11_-46_18,6,50,5,-11,-46,18,-0.5716946,-0.0219698,4,1,5,-248,127,173,-11,-46,18,5,-1,4,-205,-1,256,-6,-50,-5,13375,4096,548,struct_S197c_fcc_Nn11_n46_18_Al_M99_200714.4096.out
S127b_fcc_N27_n31_183_Al_M99_200714,127b,127,4,3,2,39.4973913,0.2666667,0.2,0.1333333,27,-31,183,S127b_fcc_n27_-31_183,105,-95,123,-27,31,-183,0.5381119,-0.4032939,-10,9,3,-1740,-1911,-67,27,-31,183,-9,3,10,-1319,-2157,-540,105,-95,123,4928,4709,492,struct_S127b_fcc_N27_n31_183_Al_M99_200714.4709.out
S197g_fcc_Nn215_118_676_Al_M99_210630,197g,197,9,9,1,54.1055127,0.36,0.36,0.04,-215,118,676,S197g_fcc_n-215_118_676,248,-335,586,215,-118,-676,-0.018855,0.8701112,-50,-51,-7,6730,-7061,3373,-215,118,676,-51,-50,-7,6329,-5630,-5897,248,-335,586,1152,31,408,struct_S197g_fcc_Nn215_118_676_Al_M99_210630.31.out
S49b_fcc_N19_27_25_Al_M99_210715,49b,49,5,1,1,43.5735786,0.3846154,0.0769231,0.0769231,19,27,25,S49b_fcc_n19_27_25,-21,-7,-35,19,27,25,-0.5513356,0.5569331,-6,7,-3,-256,-93,295,19,27,25,-7,6,3,-27,-44,25,3,1,5,4545,1934,507,struct_S49b_fcc_N19_27_25_Al_M99_210715.1934.out
S105b_fcc_Nn10_n79_83_Al_M99_200714,105b,105,3,2,1,29.9264349,0.2142857,0.1428571,0.0714286,-10,-79,83,S105b_fcc_n-10_-79_83,-21,105,-42,-10,-79,83,-0.6919982,0.3590095,2,5,5,-15,4,2,-10,-79,83,1,1,2,-2,0,1,1,-5,2,3411,1198,540,struct_S105b_fcc_Nn10_n79_83_Al_M99_200714.1198.out
S139b_fcc_Nn8_67_112_Al_M99_200714,139b,139,5,1,1,25.4610556,0.2173913,0.0434783,0.0434783,-8,67,112,S139b_fcc_n-8_67_112,1,-14,-130,-8,67,112,-0.1414534,0.6023507,-81,-8,-1,829,-9080,5491,-8,67,112,-80,-15,1,1964,-10399,1135,-1,14,130,4075,4166,563,struct_S139b_fcc_Nn8_67_112_Al_M99_200714.4166.out
S131e_fcc_Nn283_64_241_Al_M99_210622,131e,131,5,5,4,60.2521974,0.3571429,0.3571429,0.2857143,-283,64,241,S131e_fcc_n-283_64_241,-44,-223,301,283,-64,-241,0.0216481,0.0918452,-7,18,-13,-2585,-2683,-2323,-283,64,241,-18,13,7,-2737,-2555,-2293,-44,-223,301,1320,1256,513,struct_S131e_fcc_Nn283_64_241_Al_M99_210622.1256.out
S139b_fcc_Nn113_95_53_Al_M99_200714,139b,139,5,1,1,25.4610556,0.2173913,0.0434783,0.0434783,-113,95,53,S139b_fcc_n-113_95_53,113,-53,-95,-113,95,53,0.5116349,0.859203,6,1,11,992,1561,-683,-113,95,53,7,-3,10,815,1795,-32,-113,53,95,6445,2494,490,struct_S139b_fcc_Nn113_95_53_Al_M99_200714.2494.out
S215e_fcc_N75_118_4_Al_M99_200714,215e,215,9,7,1,45.9449785,0.3333333,0.2592593,0.037037,75,118,4,S215e_fcc_n75_118_4,78,109,40,-75,-118,-4,-0.1405918,-0.1054692,14,-9,3,30,-13,-179,75,118,4,13,-6,-9,-57,94,-145,78,109,40,5934,3110,553,struct_S215e_fcc_N75_118_4_Al_M99_200714.3110.out
S197c_fcc_Nn53_47_33_Al_M99_200714,197c,197,7,3,1,31.7607144,0.2592593,0.1111111,0.037037,-53,47,33,S197c_fcc_n-53_47_33,45,-19,-61,-53,47,33,0.3390365,0.6251897,-7,-10,3,471,-72,859,-53,47,33,-6,-11,-1,652,-411,609,-45,19,61,17005,4417,510,struct_S197c_fcc_Nn53_47_33_Al_M99_200714.4417.out
S199c_fcc_Nn150_n95_64_Al_M99_210630,199c,199,6,1,0,35.5044562,0.3157895,0.0526316,0,-150,-95,64,S199c_fcc_n-150_-95_64,150,95,64,-146,-119,-12,0.7154499,0.3729675,3,2,10,-1078,1692,-15,-150,-95,64,4,-4,9,-1023,1362,1060,-146,-119,12,4008,2559,492,struct_S199c_fcc_Nn150_n95_64_Al_M99_210630.2559.out
S143b_fcc_N123_119_5_Al_M99_200714,143b,143,5,2,1,37.794879,0.3125,0.125,0.0625,123,119,5,S143b_fcc_n123_119_5,115,117,49,-123,-119,-5,-0.2010641,-0.0632844,-6,7,-19,-2296,2307,1575,123,119,5,-11,15,-10,-1905,611,3012,115,117,49,6340,2110,514,struct_S143b_fcc_N123_119_5_Al_M99_200714.2110.out
S245j_fcc_N4_n5_20_Al_M99_200714,245j,245,11,11,3,60.8068626,0.4074074,0.4074074,0.1111111,4,-5,20,S245j_fcc_n4_-5_20,80,-64,23,-4,5,-20,0.0847469,0.3790191,5,8,1,-55,32,19,4,-5,20,25,37,16,-125,-47,304,80,-64,23,8158,4912,449,struct_S245j_fcc_N4_n5_20_Al_M99_200714.4912.out
S43a_fcc_Nn1_n6_7_Al_M99_220118,43a,43,1,1,1,15.1781789,0.0769231,0.0769231,0.0769231,-1,-6,7,S43a_fcc_n-1_-6_7,7,-6,-1,-6,7,-1,1,0,-5,2,1,-10,-17,-16,-1,-6,7,-5,1,2,-10,-16,-17,1,-7,6,9027,24,391,struct_S43a_fcc_Nn1_n6_7_Al_M99_220118.24.out
S49c_fcc_Nn50_23_3_Al_M99_201228,49c,49,3,2,2,49.2271953,0.3333333,0.2222222,0.2222222,-50,23,3,S49c_fcc_n-50_23_3,46,9,-29,-50,23,3,0.3826342,0.7925994,4,7,13,139,331,-221,-50,23,3,8,1,13,-73,415,13,-46,-9,29,3048,1264,563,struct_S49c_fcc_Nn50_23_3_Al_M99_201228.1264.out
S85e_fcc_N79_n17_75_Al_M99_200714,85e,85,4,3,1,46.0430533,0.3333333,0.25,0.0833333,79,-17,75,S85e_fcc_n79_-17_75,105,-31,13,-79,17,-75,0.4962437,0.0004434,6,-3,-7,344,1003,-135,79,-17,75,2,3,-9,240,971,377,105,-31,13,5587,510,516,struct_S85e_fcc_N79_n17_75_Al_M99_200714.510.out
S29b_fcc_Nn13_n2_30_Al_M99_210713,29b,29,2,2,1,46.397181,0.2857143,0.2857143,0.1428571,-13,-2,30,S29b_fcc_n-13_-2_30,6,-19,26,13,2,-30,0,0.8471271,-2,-2,-1,62,-73,22,-13,-2,30,-2,-2,-1,71,-46,-50,6,-19,26,2186,1233,467,struct_S29b_fcc_Nn13_n2_30_Al_M99_210713.1233.out
S15_fcc_Nn34_n7_5_Al_M99_201228,15,15,2,1,0,48.1896851,0.4,0.2,0,-34,-7,5,S15_fcc_n-34_-7_5,-31,-13,10,34,7,-5,-0.774849,0.141467,-2,9,-1,-19,-22,-160,-34,-7,5,-1,7,6,-74,88,-115,-31,-13,10,1220,1151,520,struct_S15_fcc_Nn34_n7_5_Al_M99_201228.1151.out
S165h_fcc_N31_n137_515_Al_M99_210630,165h,165,9,7,1,52.9127632,0.3913043,0.3043478,0.0434783,31,-137,515,S165h_fcc_n31_-137_515,-275,407,-209,31,-137,515,-0.8939714,0.3849981,-23,-24,-5,2609,-2338,-779,31,-137,515,-25,-21,-8,139,-55,-290,25,-37,19,2496,2174,431,struct_S165h_fcc_N31_n137_515_Al_M99_210630.2174.out
S53a_fcc_N13_n1_28_Al_M99_210716,53a,53,2,1,1,27.5270853,0.2,0.1,0.1,13,-1,28,S53a_fcc_n13_-1_28,-19,8,-23,13,-1,28,-0.4103603,0.0563673,9,5,-4,-68,152,37,13,-1,28,7,8,-3,-80,109,104,19,-8,23,3816,4264,497,struct_S53a_fcc_N13_n1_28_Al_M99_210716.4264.out
S283a_fcc_Nn273_141_31_Al_M99_210713,283a,283,5,3,3,22.4777206,0.1515152,0.0909091,0.0909091,-273,141,31,S283a_fcc_n-273_141_31,273,-31,-141,-279,113,69,0.3892554,0.8398967,-11,-18,-15,-1557,-4436,6465,-273,141,31,-11,-15,-18,453,-6265,4944,-279,69,113,7060,2103,537,struct_S283a_fcc_Nn273_141_31_Al_M99_210713.2103.out
S447h_fcc_N302_29_22_Al_M99_200714,447h,447,10,3,1,41.069346,0.3571429,0.1071429,0.0357143,302,29,22,S447h_fcc_n302_29_22,300,48,-15,-302,-29,-22,0.0667669,0.0724357,-15,116,53,-1015,-16336,35467,302,29,22,-3,55,116,2131,-11585,5548,100,16,-5,10944,807,547,struct_S447h_fcc_N302_29_22_Al_M99_200714.807.out
S529k_fcc_Nn89_58_102_Al_M99_200714,529k,529,11,6,1,45.4667347,0.3666667,0.2,0.0333333,-89,58,102,S529k_fcc_n-89_58_102,42,34,-137,-89,58,102,-0.0514196,0.7435399,12,-15,19,2632,2915,639,-89,58,102,17,-21,0,2877,2329,1460,-42,-34,137,13501,9446,494,struct_S529k_fcc_Nn89_58_102_Al_M99_200714.9446.out
S225i_fcc_N11_n173_415_Al_M99_210712,225i,225,11,7,1,51.6838655,0.4074074,0.2592593,0.037037,11,-173,415,S225i_fcc_n11_-173_415,-175,391,-137,11,-173,415,-0.8453361,0.2819509,-41,-17,-6,8093,-16949,-7280,11,-173,415,-41,-18,1,2075,-5792,-19181,175,-391,137,4008,95,495,struct_S225i_fcc_N11_n173_415_Al_M99_210712.95.out
S215e_fcc_N50_n36_17_Al_M99_200714,215e,215,9,7,1,45.9449785,0.3333333,0.2592593,0.037037,50,-36,17,S215e_fcc_n50_-36_17,49,-28,-30,-50,36,-17,0.6310255,0.3840775,-3,-7,-6,335,249,-458,50,-36,17,-6,-3,-7,106,523,-315,49,-28,-30,10996,9927,514,struct_S215e_fcc_N50_n36_17_Al_M99_200714.9927.out
S549h_fcc_N301_n125_55_Al_M99_200714,549h,549,13,1,1,32.4070172,0.2888889,0.0222222,0.0222222,301,-125,55,S549h_fcc_n301_-125_55,301,55,-125,-307,29,119,0.6835414,0.2652211,30,41,-71,6620,23021,16091,301,-125,55,25,74,-39,6787,11248,25693,307,-119,-29,12811,6821,479,struct_S549h_fcc_N301_n125_55_Al_M99_200714.6821.out
S35a_fcc_Nn3_1_0_Al_M99_210714,35a,35,2,1,1,34.0477324,0.25,0.125,0.125,-3,1,0,S35a_fcc_n-3_1_0,3,0,-1,-3,1,0,0.6454972,0.7637626,1,3,-5,-1,-3,-2,-3,1,0,-1,5,-3,-1,-2,-3,-3,0,1,1249,565,552,struct_S35a_fcc_Nn3_1_0_Al_M99_210714.565.out
S55b_fcc_Nn69_n90_8_Al_M99_210528,55b,55,2,1,1,38.5726508,0.2857143,0.1428571,0.1428571,-69,-90,8,S55b_fcc_n-69_-90_8,-69,8,-90,45,30,100,-0.508528,0.169702,2,-1,6,-532,430,249,-69,-90,8,4,-3,4,-98,12,107,-9,-20,-6,1889,1508,519,struct_S55b_fcc_Nn69_n90_8_Al_M99_210528.1508.out
S97b_fcc_Nn61_n39_53_Al_M99_200714,97b,97,5,1,1,30.5906886,0.2631579,0.0526316,0.0526316,-61,-39,53,S97b_fcc_n-61_-39_53,51,67,-31,-61,-39,53,0.3514038,0.0504586,1,-7,-4,527,-191,466,-61,-39,53,1,-4,-7,593,-326,271,-51,-67,31,7481,1576,493,struct_S97b_fcc_Nn61_n39_53_Al_M99_200714.1576.out
S43c_fcc_Nn17_n115_26_Al_M99_210730,43c,43,3,3,2,60.76636,0.375,0.375,0.25,-17,-115,26,S43c_fcc_n-17_-115_26,-25,58,101,26,-115,-17,0.4651465,0.6139621,-7,-1,-9,1061,-335,-788,-17,-115,26,-11,-1,-3,245,713,-1136,25,-101,-58,473,301,527,struct_S43c_fcc_Nn17_n115_26_Al_M99_210730.301.out
S153e_fcc_N179_29_43_Al_M99_200714,153e,153,9,1,1,43.2176122,0.3913043,0.0434783,0.0434783,179,29,43,S153e_fcc_n179_29_43,-181,-11,-43,179,29,43,-0.9061975,0.08477,-9,17,26,23,-5041,3304,179,29,43,-7,-6,31,599,-5912,-1009,181,11,43,6057,559,483,struct_S153e_fcc_N179_29_43_Al_M99_200714.559.out
S47b_fcc_Nn76_n27_13_Al_M99_201228,47b,47,3,2,0,43.6637379,0.3333333,0.2222222,0,-76,-27,13,S47b_fcc_n-76_-27_13,-68,-39,23,76,27,-13,-0.77373,0.133007,2,-9,-7,153,-253,369,-76,-27,13,-2,-3,-11,249,-397,63,-68,-39,23,1998,872,535,struct_S47b_fcc_Nn76_n27_13_Al_M99_201228.872.out
S79c_fcc_Nn270_229_36_Al_M99_211122,79c,79,3,2,1,34.6354566,0.25,0.1666667,0.0833333,-270,229,36,S79c_fcc_n-270_229_36,258,-123,-212,-270,229,36,0.5574522,0.5528451,2,0,15,15,18,-2,-270,229,36,7,-6,12,12,20,3,-258,123,212,1728,711,569,struct_S79c_fcc_Nn270_229_36_Al_M99_211122.711.out
S143b_fcc_Nn145_827_787_Al_M99_210629,143b,143,5,2,1,37.794879,0.3125,0.125,0.0625,-145,827,787,S143b_fcc_n-145_827_787,29,221,1129,145,-827,-787,-0.1327945,-0.7445737,8,29,-29,-15602,697,-3607,-145,827,787,-1,41,-8,-16019,-299,470,29,221,1129,2112,423,590,struct_S143b_fcc_Nn145_827_787_Al_M99_210629.423.out
S79c_fcc_N113_25_243_Al_M99_211122,79c,79,3,2,1,34.6354566,0.25,0.1666667,0.0833333,113,25,243,S79c_fcc_n113_25_243,187,-57,185,-113,-25,-243,0.3450561,-0.3313156,13,19,-8,-4817,4063,1822,113,25,243,8,23,-1,-4198,1667,4757,187,-57,185,2281,942,525,struct_S79c_fcc_N113_25_243_Al_M99_211122.942.out
S43a_fcc_N71_n47_19_Al_M99_210802,43a,43,1,1,1,15.1781789,0.0769231,0.0769231,0.0769231,71,-47,19,S43a_fcc_n71_-47_19,79,-37,1,-71,47,-19,0.7447553,0.0477761,2,1,-5,72,131,55,71,-47,19,1,2,-5,61,132,65,79,-37,1,3255,499,403,struct_S43a_fcc_N71_n47_19_Al_M99_210802.499.out
S17b_fcc_N2_14_19_Al_M99_210630,17b,17,2,2,1,61.9275131,0.4,0.4,0.2,2,14,19,S17b_fcc_n2_14_19,14,2,19,-2,-14,-19,0.5715618,0,7,-1,0,19,133,-100,2,14,19,5,3,-4,-65,151,32,14,2,19,473,393,453,struct_S17b_fcc_N2_14_19_Al_M99_210630.393.out
S99c_fcc_Nn20_n52_19_Al_M99_200714,99c,99,4,3,2,45.002923,0.3076923,0.2307692,0.1538462,-20,-52,19,S99c_fcc_n-20_-52_19,1,58,10,-20,-52,19,-0.4789196,0.0411656,5,1,8,-29,17,16,-20,-52,19,8,-1,5,-20,-5,31,-1,-58,-10,5960,1759,540,struct_S99c_fcc_Nn20_n52_19_Al_M99_200714.1759.out
S447h_fcc_Nn194_n140_125_Al_M99_210715,447h,447,10,3,1,41.069346,0.3571429,0.1071429,0.0357143,-194,-140,125,S447h_fcc_n-194_-140_125,164,211,-38,-194,-140,125,-0.3208442,0.1212875,-45,107,50,-125,25,-166,-194,-140,125,-33,46,113,-157,106,-89,-164,-211,38,6408,3247,526,struct_S447h_fcc_Nn194_n140_125_Al_M99_210715.3247.out
S171g_fcc_Nn119_n79_17_Al_M99_200714,171g,171,9,7,5,56.8533652,0.3913043,0.3043478,0.2173913,-119,-79,17,S171g_fcc_n-119_-79_17,71,125,5,-119,-79,17,-0.2059352,0.1822683,11,-17,-2,149,-17,964,-119,-79,17,10,-5,-17,700,-419,535,-71,-125,-5,8363,4796,453,struct_S171g_fcc_Nn119_n79_17_Al_M99_200714.4796.out
S243h_fcc_Nn31_151_275_Al_M99_210712,243h,243,6,5,5,49.7525106,0.3,0.25,0.25,-31,151,275,S243h_fcc_n-31_151_275,-79,11,-305,-31,151,275,-0.4306841,0.3315408,47,57,-26,-19601,12119,-8864,-31,151,275,7,78,1,-23801,2056,6239,79,-11,305,5938,590,479,struct_S243h_fcc_Nn31_151_275_Al_M99_210712.590.out
S143b_fcc_Nn95_315_131_Al_M99_200714,143b,143,5,2,1,37.794879,0.3125,0.125,0.0625,-95,315,131,S143b_fcc_n-95_315_131,-71,169,303,95,-315,-131,-0.4510425,-0.7345473,2,11,-25,-9316,-2113,-1675,-95,315,131,-5,23,-14,-9335,-2509,-788,-71,169,303,3226,2758,576,struct_S143b_fcc_Nn95_315_131_Al_M99_200714.2758.out
S225i_fcc_N127_89_5_Al_M99_200714,225i,225,11,7,1,51.6838655,0.4074074,0.2592593,0.037037,127,89,5,S225i_fcc_n127_89_5,125,91,13,-127,-89,-5,-0.0311717,-0.0037459,-10,15,-13,-1232,1601,2795,127,89,5,-13,17,6,325,-919,3308,125,91,13,10588,10382,555,struct_S225i_fcc_N127_89_5_Al_M99_200714.10382.out
S245d_fcc_N149_407_45_Al_M99_200714,245d,245,6,3,2,36.8698976,0.2857143,0.1428571,0.0952381,149,407,45,S245d_fcc_n149_407_45,115,355,225,-149,-407,-45,-0.3544367,-0.1876429,-20,5,21,8322,-4029,8885,149,407,45,-13,-11,24,2199,-1137,670,23,71,45,4416,4095,562,struct_S245d_fcc_N149_407_45_Al_M99_200714.4095.out
S33a_fcc_N23_n89_113_Al_M99_201228,33a,33,1,1,0,20.0499757,0.125,0.125,0,23,-89,113,S33a_fcc_n23_-89_113,113,-47,79,-89,23,-113,0.506864,0.507743,10,-19,-17,1220,507,151,23,-89,113,5,-14,-23,1235,492,-31,47,-113,79,1280,1297,478,struct_S33a_fcc_N23_n89_113_Al_M99_201228.1297.out
S83c_fcc_Nn11_n51_10_Al_M99_200714,83c,83,3,3,2,42.6978739,0.25,0.25,0.1666667,-11,-51,10,S83c_fcc_n-11_-51_10,5,-51,-14,11,51,-10,-0.3951501,0.1734934,1,-1,-4,107,-17,31,-11,-51,10,-1,1,-4,109,17,-23,5,-51,-14,3949,4843,544,struct_S83c_fcc_Nn11_n51_10_Al_M99_200714.4843.out
S43b_fcc_N35_n113_29_Al_M99_210714,43b,43,2,1,0,27.9054728,0.2222222,0.1111111,0,35,-113,29,S43b_fcc_n35_-113_29,-35,113,29,35,-113,29,0.1578846,0.9874576,-1,2,9,-25,-8,-1,35,-113,29,1,-2,9,-25,-8,1,35,-113,-29,2423,416,549,struct_S43b_fcc_N35_n113_29_Al_M99_210714.416.out
S55a_fcc_N12_8_1_Al_M99_210528,55a,55,3,1,0,35.0968012,0.3,0.1,0,12,8,1,S55a_fcc_n12_8_1,62,34,15,-12,-8,-1,0.8405,0.200346,-3,4,4,28,-51,72,12,8,1,-2,1,6,189,-402,130,62,34,15,2546,2527,495,struct_S55a_fcc_N12_8_1_Al_M99_210528.2527.out
S297e_fcc_N167_n41_47_Al_M99_200714,297e,297,6,5,2,38.6344897,0.2608696,0.2173913,0.0869565,167,-41,47,S297e_fcc_n167_-41_47,173,-13,-41,-167,41,-47,0.4180972,0.2445547,-5,6,23,-1225,-4076,797,167,-41,47,5,-6,23,-545,-4184,-973,173,-13,-41,12386,11111,575,struct_S297e_fcc_N167_n41_47_Al_M99_200714.11111.out
S15_fcc_Nn1_2_5_Al_M99_201228,15,15,2,1,0,48.1896851,0.4,0.2,0,-1,2,5,S15_fcc_n-1_2_5,1,-2,5,1,-2,-5,0,0,-1,2,-1,-2,-1,0,-1,2,5,-1,2,1,-2,-1,0,1,-2,5,2217,4330,433,struct_S15_fcc_Nn1_2_5_Al_M99_201228.4330.out
S325c_fcc_N54_n150_47_Al_M99_200714,325c,325,7,5,1,27.7957725,0.2,0.1428571,0.0285714,54,-150,47,S325c_fcc_n54_-150_47,-65,150,30,54,-150,47,-0.7845492,-0.1268287,-9,-7,-12,2129,225,-1728,54,-150,47,-12,-3,-11,312,215,-399,13,-30,-6,7260,4191,558,struct_S325c_fcc_N54_n150_47_Al_M99_200714.4191.out
S45a_fcc_Nn1_25_23_Al_M99_201228,45a,45,3,1,1,28.624551,0.2307692,0.0769231,0.0769231,-1,25,23,S45a_fcc_n-1_25_23,-1,-37,-95,-1,25,23,-0.336593,0.756907,-2,-1,1,16,-15,17,-1,25,23,-5,-5,2,61,-53,20,1,37,95,10716,6798,555,struct_S45a_fcc_Nn1_25_23_Al_M99_201228.6798.out
S369k_fcc_Nn25_199_47_Al_M99_200714,369k,369,11,9,7,48.708394,0.3142857,0.2571429,0.2,-25,199,47,S369k_fcc_n-25_199_47,-35,121,163,25,-199,-47,-0.3591599,-0.3856099,-45,-4,-7,-241,-458,1811,-25,199,47,-40,-21,7,854,-1255,1115,-35,121,163,12746,12335,470,struct_S369k_fcc_Nn25_199_47_Al_M99_200714.12335.out
S169e_fcc_N65_n11_75_Al_M99_210630,169e,169,6,3,2,44.7602701,0.3529412,0.1764706,0.1176471,65,-11,75,S169e_fcc_n65_-11_75,89,-31,33,-65,11,-75,0.391966,-0.0745366,-13,5,12,-39,-135,14,65,-11,75,-8,-7,15,-18,-123,-67,89,-31,33,11912,7758,479,struct_S169e_fcc_N65_n11_75_Al_M99_210630.7758.out
S73e_fcc_Nn11_39_16_Al_M99_200714,73e,73,4,3,0,48.8879096,0.3636364,0.2727273,0,-11,39,16,S73e_fcc_n-11_39_16,4,19,39,11,-39,-16,0.1979026,0.3767064,1,-3,8,180,52,-3,-11,39,16,4,-7,3,165,72,-52,4,19,39,4341,878,474,struct_S73e_fcc_Nn11_39_16_Al_M99_200714.878.out
S201e_fcc_Nn21_n13_23_Al_M99_210701,201e,201,4,4,3,37.2483058,0.2105263,0.2105263,0.1578947,-21,-13,23,S201e_fcc_n-21_-13_23,-17,-79,61,21,13,-23,-0.2719603,0.8248518,-5,1,-4,29,-199,-86,-21,-13,23,-19,1,-4,85,-409,-506,-17,-79,61,13906,5903,519,struct_S201e_fcc_Nn21_n13_23_Al_M99_210701.5903.out
S75d_fcc_Nn49_95_293_Al_M99_211122,75d,75,4,3,2,52.1690831,0.3636364,0.2727273,0.1818182,-49,95,293,S75d_fcc_n-49_95_293,107,-101,275,49,-95,-293,0.3316304,-0.5627341,-26,-35,7,728,-485,279,-49,95,293,-13,-41,-10,819,-167,-380,107,-101,275,3764,1343,443,struct_S75d_fcc_Nn49_95_293_Al_M99_211122.1343.out
S529k_fcc_Nn54_267_50_Al_M99_200714,529k,529,11,6,1,45.4667347,0.3666667,0.2,0.0333333,-54,267,50,S529k_fcc_n-54_267_50,-14,165,222,54,-267,-50,-0.4196774,-0.598096,-17,-4,3,1001,-688,4755,-54,267,50,-15,-8,5,2601,-3260,2587,-14,165,222,7296,4757,567,struct_S529k_fcc_Nn54_267_50_Al_M99_200714.4757.out
S103e_fcc_N251_253_171_Al_M99_210624,103e,103,3,3,2,55.0532042,0.3333333,0.3333333,0.2222222,251,253,171,S103e_fcc_n251_253_171,253,251,171,-251,-253,-171,0.99997,0.0077412,7,-11,6,33,-3,-44,251,253,171,11,-7,-6,-3,33,-44,253,251,171,4014,1655,413,struct_S103e_fcc_N251_253_171_Al_M99_210624.1655.out
S45c_fcc_N20_17_16_Al_M99_201228,45c,45,2,2,1,53.1301024,0.3333333,0.3333333,0.1666667,20,17,16,S45c_fcc_n20_17_16,24,15,12,-20,-17,-16,0.845445,0.133677,1,-4,3,115,-44,-97,20,17,16,3,-4,-1,11,20,-47,8,5,4,3660,2381,428,struct_S45c_fcc_N20_17_16_Al_M99_201228.2381.out
S647q_fcc_N80_n26_161_Al_M99_200714,647q,647,9,9,1,60.2553118,0.4090909,0.4090909,0.0454545,80,-26,161,S647q_fcc_n80_-26_161,158,-88,17,-80,26,-161,0.1556706,0.3029267,-23,-46,4,2434,-1341,-1426,80,-26,161,-23,-44,-14,660,607,-2992,158,-88,17,13676,8991,382,struct_S647q_fcc_N80_n26_161_Al_M99_200714.8991.out
S325c_fcc_N139_n25_127_Al_M99_200714,325c,325,7,5,1,27.7957725,0.2,0.1428571,0.0285714,139,-25,127,S325c_fcc_n139_-25_127,169,-55,67,-139,25,-127,0.472649,-0.1797041,9,-16,-13,2357,2950,-1999,139,-25,127,5,-9,-20,1703,3715,-1246,169,-55,67,13008,10111,528,struct_S325c_fcc_N139_n25_127_Al_M99_200714.10111.out
S49c_fcc_Nn4_1_5_Al_M99_201228,49c,49,3,2,2,49.2271953,0.3333333,0.2222222,0.2222222,-4,1,5,S49c_fcc_n-4_1_5,8,25,-37,-4,1,5,0,0.3591324,-4,9,-5,-25,-20,-16,-4,1,5,-8,7,3,-167,-136,-128,-8,-25,37,2597,2382,496,struct_S49c_fcc_Nn4_1_5_Al_M99_201228.2382.out
S609s_fcc_Nn53_n593_461_Al_M99_210716,609s,609,13,5,0,47.0433367,0.40625,0.15625,0,-53,-593,461,S609s_fcc_n-53_-593_461,53,593,461,7,-749,77,0.2725972,0.7003721,-51,10,7,-8761,-23140,-30773,-53,-593,461,-46,-3,25,-2708,481,-4925,1,-107,-11,6336,1207,586,struct_S609s_fcc_Nn53_n593_461_Al_M99_210716.1207.out
S225i_fcc_Nn203_179_305_Al_M99_210712,225i,225,11,7,1,51.6838655,0.4074074,0.2592593,0.037037,-203,179,305,S225i_fcc_n-203_179_305,25,113,-391,-203,179,305,-0.1783069,0.8622521,37,59,-10,-1319,617,-1240,-203,179,305,35,58,19,-1655,944,167,-25,-113,391,2880,991,475,struct_S225i_fcc_Nn203_179_305_Al_M99_210712.991.out
S85c_fcc_Nn32_36_65_Al_M99_211122,85c,85,5,5,1,45.572996,0.2941176,0.2941176,0.0588235,-32,36,65,S85c_fcc_n-32_36_65,36,-32,65,8,-9,-80,0.1184802,0.7723967,16,7,4,-311,1168,-800,-32,36,65,16,8,-1,-632,1289,200,9,-8,80,3993,3445,404,struct_S85c_fcc_Nn32_36_65_Al_M99_211122.3445.out
S137e_fcc_Nn5_27_43_Al_M99_200714,137e,137,6,3,2,50.033787,0.4,0.2,0.1333333,-5,27,43,S137e_fcc_n-5_27_43,11,-9,49,5,-27,-43,0.183723,-0.6416728,-1,3,-2,-183,-53,12,-5,27,43,-2,3,1,-156,-109,15,11,-9,49,14038,13013,468,struct_S137e_fcc_Nn5_27_43_Al_M99_200714.13013.out
S35a_fcc_Nn39_58_55_Al_M99_201228,35a,35,2,1,1,34.0477324,0.25,0.125,0.125,-39,58,55,S35a_fcc_n-39_58_55,31,-15,-82,-39,58,55,-0.126895,0.750721,5,10,-7,-478,1,-340,-39,58,55,1,13,-2,-548,10,-209,-31,15,82,8570,4638,556,struct_S35a_fcc_Nn39_58_55_Al_M99_201228.4638.out
S81a_fcc_Nn149_197_73_Al_M99_211122,81a,81,5,3,1,38.3762729,0.2941176,0.1764706,0.0588235,-149,197,73,S81a_fcc_n-149_197_73,117,-99,-207,-149,197,73,0.5348759,0.7829167,-19,-14,-1,275,-512,1943,-149,197,73,-6,-5,-1,104,-151,131,-13,11,23,2487,1935,547,struct_S81a_fcc_Nn149_197_73_Al_M99_211122.1935.out
S81a_fcc_Nn67_n143_35_Al_M99_200714,81a,81,5,3,1,38.3762729,0.2941176,0.1764706,0.0588235,-67,-143,35,S81a_fcc_n-67_-143_35,49,151,31,-67,-143,35,-0.3658979,-0.0362137,1,1,6,-47,23,4,-67,-143,35,3,-2,5,-43,8,29,-49,-151,-31,3861,2150,559,struct_S81a_fcc_Nn67_n143_35_Al_M99_200714.2150.out
S229e_fcc_Nn19_22_23_Al_M99_220118,229e,229,7,5,1,33.2543484,0.2413793,0.1724138,0.0344828,-19,22,23,S229e_fcc_n-19_22_23,10,-7,-35,-19,22,23,0.3104745,0.9505817,-1,-4,3,79,17,49,-19,22,23,0,-5,1,91,5,25,-10,7,35,19550,7436,507,struct_S229e_fcc_Nn19_22_23_Al_M99_220118.7436.out
S199c_fcc_N347_107_173_Al_M99_210630,199c,199,6,1,0,35.5044562,0.3157895,0.0526316,0,347,107,173,S199c_fcc_n347_107_173,-347,-107,173,365,-1,-169,-0.6185693,0.0112749,-7,13,6,-1607,-3293,5260,347,107,173,-6,7,13,-1196,-5759,2549,365,-1,169,3840,1439,492,struct_S199c_fcc_N347_107_173_Al_M99_210630.1439.out
S215f_fcc_N105_n63_109_Al_M99_210701,215f,215,11,3,1,45.9449785,0.4074074,0.1111111,0.037037,105,-63,109,S215f_fcc_n105_-63_109,125,-105,15,-105,63,-109,0.5203999,-0.0264484,3,5,0,-545,327,714,105,-63,109,3,4,3,-75,-66,163,25,-21,3,9415,9326,487,struct_S215f_fcc_N105_n63_109_Al_M99_210701.9326.out
S11_fcc_N71_n49_29_Al_M99_210625,11,11,1,1,0,50.4788036,0.3333333,0.3333333,0,71,-49,29,S11_fcc_n71_-49_29,71,-49,-29,-65,43,-47,0.093367,0.836259,-5,4,19,-349,-498,13,71,-49,29,7,-8,17,-369,-478,-73,65,-43,-47,713,367,487,struct_S11_fcc_N71_n49_29_Al_M99_210625.367.out
S87d_fcc_Nn32_152_29_Al_M99_211122,87d,87,7,3,1,48.6299601,0.4117647,0.1764706,0.0588235,-32,152,29,S87d_fcc_n-32_152_29,-17,82,134,32,-152,-29,-0.4274406,-0.6806867,-31,-5,-8,-51,-55,232,-32,152,29,-32,-5,-1,28,-205,129,-17,82,134,2109,1007,573,struct_S87d_fcc_Nn32_152_29_Al_M99_211122.1007.out
S169e_fcc_N65_n89_23_Al_M99_200714,169e,169,6,3,2,44.7602701,0.3529412,0.1764706,0.1176471,65,-89,23,S169e_fcc_n65_-89_23,77,-61,-55,-65,89,-23,0.6509033,0.4724072,3,4,7,-715,-386,527,65,-89,23,5,0,7,-427,-814,305,77,-61,-55,10043,1695,502,struct_S169e_fcc_N65_n89_23_Al_M99_200714.1695.out
S25b_fcc_N18_n10_1_Al_M99_210712,25b,25,3,3,1,51.6838655,0.3333333,0.3333333,0.1111111,18,-10,1,S25b_fcc_n18_-10_1,10,-18,-1,-2,15,-14,-0.1497758,0.2329964,-3,-5,4,-7,-15,-24,18,-10,1,0,-7,1,-20,-3,-21,15,-2,-14,2434,160,501,struct_S25b_fcc_N18_n10_1_Al_M99_210712.160.out
S97b_fcc_Nn3_76_36_Al_M99_200714,97b,97,5,1,1,30.5906886,0.2631579,0.0526316,0.0526316,-3,76,36,S97b_fcc_n-3_76_36,3,-36,-76,-4,69,48,-0.204885,0.8973029,-16,-3,5,488,-561,1225,-3,76,36,-15,-7,4,675,-1019,748,-4,48,69,3838,388,557,struct_S97b_fcc_Nn3_76_36_Al_M99_200714.388.out
S549h_fcc_Nn13_341_377_Al_M99_200714,549h,549,13,1,1,32.4070172,0.2888889,0.0222222,0.0222222,-13,341,377,S549h_fcc_n-13_341_377,3,-87,-501,-13,341,377,-0.0622722,0.7103698,51,13,-10,-8311,19097,-17560,-13,341,377,50,19,-3,-3260,8347,-1469,-1,29,167,8335,5687,581,struct_S549h_fcc_Nn13_341_377_Al_M99_200714.5687.out
S145h_fcc_Nn21_n15_173_Al_M99_200714,145h,145,6,5,2,56.5146234,0.4,0.3333333,0.1333333,-21,-15,173,S145h_fcc_n-21_-15_173,87,-115,99,21,15,-173,0.7467186,-0.5059058,-14,-15,-3,528,-497,21,-21,-15,173,-13,-15,-6,435,-153,-560,87,-115,99,6137,6181,359,struct_S145h_fcc_Nn21_n15_173_Al_M99_200714.6181.out
S125e_fcc_Nn373_n211_35_Al_M99_210622,125e,125,4,3,0,53.1301024,0.4,0.3,0,-373,-211,35,S125e_fcc_n-373_-211_35,-343,-251,65,373,211,-35,-0.8747148,0.0690325,5,-10,-7,21,-28,55,-373,-211,35,-1,-2,-13,39,-52,5,-343,-251,65,4542,2832,584,struct_S125e_fcc_Nn373_n211_35_Al_M99_210622.2832.out
S999ae_fcc_Nn11_n14_33_Al_M99_220118,999ae,999,16,11,10,58.4983901,0.4102564,0.2820513,0.2564103,-11,-14,33,S999ae_fcc_n-11_-14_33,-125,290,-119,-11,-14,33,-0.9179727,0.3966435,-17,44,13,-43,-11,-19,-11,-14,33,-5,4,15,-127,-65,-25,125,-290,119,3720,79,405,struct_S999ae_fcc_Nn11_n14_33_Al_M99_220118.79.out
S63a_fcc_Nn7_5_5_Al_M99_200714,63a,63,2,1,0,22.9809198,0.1818182,0.0909091,0,-7,5,5,S63a_fcc_n-7_5_5,-41,19,53,7,-5,-5,-0.2459598,0.3944132,-5,-8,1,5,-2,9,-7,5,5,-5,-8,-1,45,-34,47,-41,19,53,5730,5391,476,struct_S63a_fcc_Nn7_5_5_Al_M99_200714.5391.out
S73e_fcc_N36_25_14_Al_M99_211122,73e,73,4,3,0,48.8879096,0.3636364,0.2727273,0,36,25,14,S73e_fcc_n36_25_14,-36,-25,14,42,17,-8,-0.7539516,0.124795,-11,-6,39,1059,-1558,59,36,25,14,7,-30,27,699,-1078,-1379,42,17,8,5005,2847,526,struct_S73e_fcc_N36_25_14_Al_M99_211122.2847.out
S51c_fcc_N64_n23_4_Al_M99_201228,51c,51,5,3,1,48.9389555,0.3846154,0.2307692,0.0769231,64,-23,4,S51c_fcc_n64_-23_4,59,-2,-34,-64,23,-4,0.2883294,0.3766008,-13,-36,1,121,-116,-2603,64,-23,4,-12,-31,-19,-1016,1529,-1853,59,-2,-34,2591,1342,544,struct_S51c_fcc_N64_n23_4_Al_M99_201228.1342.out